cpi_date,actual_cpi,forecast_cpi,surprise,nq_0829,nq_0835,nq_0845,nq_close,move_pts_5m,move_pct_5m,move_pts_15m,move_pct_15m,move_pts_close,move_pct_close,initial_direction,close_direction,direction_match,abs_surprise,abs_5m_move
4/10/2026,3.3,3.4,-0.1," 25,336.25 "," 25,303.00 "," 25,312.50 "," 25,284.25 ",-33.25,-0.13%,-23.75,-0.09%,-52.00,-0.21%,DOWN,DOWN,MATCH,0.1,0.13%
3/11/2026,2.4,2.4,0," 25,215.50 "," 25,166.75 "," 25,137.50 "," 25,188.50 ",-48.75,-0.19%,-78.00,-0.31%,-27.00,-0.11%,DOWN,DOWN,MATCH,0,0.19%
2/13/2026,2.4,2.5,-0.1," 24,921.75 "," 24,980.25 "," 24,975.00 "," 25,032.50 ",58.50,0.23%,53.25,0.21%,110.75,0.44%,UP,UP,MATCH,0.1,0.23%
1/13/2026,2.7,2.7,0," 26,127.25 "," 26,240.50 "," 26,201.50 "," 26,136.75 ",113.25,0.43%,74.25,0.28%,9.50,0.04%,UP,UP,MATCH,0,0.43%
12/18/2025,2.7,3.1,-0.4," 25,329.75 "," 25,377.25 "," 25,458.00 "," 25,461.50 ",47.50,0.19%,128.25,0.51%,131.75,0.52%,UP,UP,MATCH,0.4,0.19%
10/24/2025,3,3.1,-0.1," 25,832.25 "," 25,951.00 "," 25,946.25 "," 25,973.00 ",118.75,0.46%,114.00,0.44%,140.75,0.54%,UP,UP,MATCH,0.1,0.46%
9/11/2025,2.9,2.9,0," 24,654.50 "," 24,615.50 "," 24,633.25 "," 24,712.75 ",-39.00,-0.16%,-21.25,-0.09%,58.25,0.24%,DOWN,UP,NO,0,0.16%
8/12/2025,2.7,2.8,-0.1," 24,375.25 "," 24,488.50 "," 24,489.25 "," 24,640.50 ",113.25,0.46%,114.00,0.47%,265.25,1.09%,UP,UP,MATCH,0.1,0.46%
7/15/2025,2.7,2.6,0.1," 23,857.50 "," 23,894.00 "," 23,874.75 "," 23,758.50 ",36.50,0.15%,17.25,0.07%,-99.00,-0.41%,UP,DOWN,NO,0.1,0.15%
6/11/2025,2.4,2.5,-0.1," 22,879.50 "," 22,988.50 "," 22,973.75 "," 22,795.25 ",109.00,0.48%,94.25,0.41%,-84.25,-0.37%,UP,DOWN,NO,0.1,0.48%
5/13/2025,2.3,2.4,-0.1," 21,910.75 "," 21,947.00 "," 21,908.25 "," 22,173.50 ",36.25,0.17%,-2.50,-0.01%,262.75,1.20%,UP,UP,MATCH,0.1,0.17%
4/10/2025,2.4,2.5,-0.1," 19,764.00 "," 19,838.75 "," 19,719.50 "," 19,406.00 ",74.75,0.38%,-44.50,-0.23%,-358.00,-1.81%,UP,DOWN,NO,0.1,0.38%
3/12/2025,2.8,2.9,-0.1," 20,724.25 "," 20,827.25 "," 20,786.25 "," 20,738.50 ",103.00,0.50%,62.00,0.30%,14.25,0.07%,UP,UP,MATCH,0.1,0.50%
2/12/2025,3,2.9,0.1," 22,955.25 "," 22,720.50 "," 22,680.00 "," 22,931.50 ",-234.75,-1.02%,-275.25,-1.20%,-23.75,-0.10%,DOWN,DOWN,MATCH,0.1,1.02%
1/15/2025,2.9,2.9,0," 22,123.50 "," 22,414.50 "," 22,418.75 "," 22,525.50 ",291.00,1.32%,295.25,1.33%,402.00,1.82%,UP,UP,MATCH,0,1.32%
12/11/2024,2.7,2.7,0," 22,891.50 "," 22,939.00 "," 22,954.75 "," 23,219.00 ",47.50,0.21%,63.25,0.28%,327.50,1.43%,UP,UP,MATCH,0,0.21%
11/13/2024,2.6,2.6,0," 22,573.50 "," 22,634.50 "," 22,658.75 "," 22,586.00 ",61.00,0.27%,85.25,0.38%,12.50,0.06%,UP,UP,MATCH,0,0.27%
10/10/2024,2.4,2.3,0.1," 21,869.75 "," 21,824.50 "," 21,777.25 "," 21,856.75 ",-45.25,-0.21%,-92.50,-0.42%,-13.00,-0.06%,DOWN,DOWN,MATCH,0.1,0.21%
9/11/2024,2.5,2.5,0," 20,513.75 "," 20,439.25 "," 20,440.50 "," 20,914.50 ",-74.50,-0.36%,-73.25,-0.36%,400.75,1.95%,DOWN,UP,NO,0,0.36%
8/14/2024,2.9,3,-0.1," 20,764.75 "," 20,659.50 "," 20,806.25 "," 20,766.75 ",-105.25,-0.51%,41.50,0.20%,2.00,0.01%,DOWN,UP,NO,0.1,0.51%
7/11/2024,3,3.1,-0.1," 22,550.25 "," 22,628.00 "," 22,608.25 "," 22,089.25 ",77.75,0.34%,58.00,0.26%,-461.00,-2.04%,UP,DOWN,NO,0.1,0.34%
6/12/2024,3.3,3.4,-0.1," 21,198.50 "," 21,347.00 "," 21,319.00 "," 21,411.75 ",148.50,0.70%,120.50,0.57%,213.25,1.01%,UP,UP,MATCH,0.1,0.70%
5/15/2024,3.4,3.4,0," 20,327.75 "," 20,437.50 "," 20,408.25 "," 20,612.25 ",109.75,0.54%,80.50,0.40%,284.50,1.40%,UP,UP,MATCH,0,0.54%
4/10/2024,3.5,3.4,0.1," 20,326.75 "," 20,049.00 "," 19,996.25 "," 20,111.00 ",-277.75,-1.37%,-330.50,-1.63%,-215.75,-1.06%,DOWN,DOWN,MATCH,0.1,1.37%
3/12/2024,3.2,3.1,0.1," 20,211.50 "," 20,241.25 "," 20,277.25 "," 20,395.25 ",29.75,0.15%,65.75,0.33%,183.75,0.91%,UP,UP,MATCH,0.1,0.15%
2/13/2024,3.1,2.9,0.2," 20,006.75 "," 19,854.00 "," 19,844.75 "," 19,845.25 ",-152.75,-0.76%,-162.00,-0.81%,-161.50,-0.81%,DOWN,DOWN,MATCH,0.2,0.76%
1/11/2024,3.4,3.2,0.2," 19,190.50 "," 19,113.50 "," 19,100.25 "," 19,130.25 ",-77.00,-0.40%,-90.25,-0.47%,-60.25,-0.31%,DOWN,DOWN,MATCH,0.2,0.40%
12/12/2023,3.1,3.1,0," 18,686.00 "," 18,645.25 "," 18,468.25 "," 18,742.25 ",-40.75,-0.22%,-217.75,-1.17%,56.25,0.30%,DOWN,UP,NO,0,0.22%
11/14/2023,3.2,3.3,-0.1," 17,970.25 "," 18,162.75 "," 18,170.00 "," 18,256.50 ",192.50,1.07%,199.75,1.11%,286.25,1.59%,UP,UP,MATCH,0.1,1.07%
10/12/2023,3.7,3.6,0.1," 17,821.50 "," 17,767.75 "," 17,770.00 "," 17,693.00 ",-53.75,-0.30%,-51.50,-0.29%,-128.50,-0.72%,DOWN,DOWN,MATCH,0.1,0.30%
9/13/2023,3.7,3.6,0.1," 17,866.75 "," 17,836.25 "," 17,841.25 "," 17,932.25 ",-30.50,-0.17%,-25.50,-0.14%,65.50,0.37%,DOWN,UP,NO,0.1,0.17%
8/10/2023,3.2,3.3,-0.1," 17,864.75 "," 17,871.00 "," 17,846.50 "," 17,776.75 ",6.25,0.03%,-18.25,-0.10%,-88.00,-0.49%,UP,DOWN,NO,0.1,0.03%
7/12/2023,3,3.1,-0.1," 17,888.75 "," 17,986.50 "," 17,976.00 "," 18,028.00 ",97.75,0.55%,87.25,0.49%,139.25,0.78%,UP,UP,MATCH,0.1,0.55%
6/13/2023,4,4.1,-0.1," 17,617.75 "," 17,628.75 "," 17,676.00 "," 17,672.75 ",11.00,0.06%,58.25,0.33%,55.00,0.31%,UP,UP,MATCH,0.1,0.06%
5/10/2023,4.9,5,-0.1," 16,022.75 "," 16,077.50 "," 16,139.50 "," 16,173.00 ",54.75,0.34%,116.75,0.73%,150.25,0.94%,UP,UP,MATCH,0.1,0.34%
4/12/2023,5,5.1,-0.1," 15,815.25 "," 15,992.25 "," 15,959.25 "," 15,721.00 ",177.00,1.12%,144.00,0.91%,-94.25,-0.60%,UP,DOWN,NO,0.1,1.12%
3/14/2023,6,6,0," 14,913.25 "," 14,890.75 "," 14,918.00 "," 15,091.00 ",-22.50,-0.15%,4.75,0.03%,177.75,1.19%,DOWN,UP,NO,0,0.15%
2/14/2023,6.4,6.2,0.2," 15,465.75 "," 15,501.50 "," 15,409.75 "," 15,516.50 ",35.75,0.23%,-56.00,-0.36%,50.75,0.33%,UP,UP,MATCH,0.2,0.23%
1/12/2023,6.5,6.5,0," 14,278.75 "," 14,351.50 "," 14,301.25 "," 14,418.00 ",72.75,0.51%,22.50,0.16%,139.25,0.98%,UP,UP,MATCH,0,0.51%
12/13/2022,7.1,7.3,-0.2," 14,998.00 "," 15,045.00 "," 15,163.75 "," 14,844.75 ",47.00,0.31%,165.75,1.11%,-153.25,-1.02%,UP,DOWN,NO,0.2,0.31%
11/10/2022,7.7,7.9,-0.2," 13,882.75 "," 14,194.75 "," 14,263.75 "," 14,632.50 ",312.00,2.25%,381.00,2.74%,749.75,5.40%,UP,UP,MATCH,0.2,2.25%
10/13/2022,8.2,8.1,0.1," 13,936.25 "," 13,543.00 "," 13,536.00 "," 14,085.00 ",-393.25,-2.82%,-400.25,-2.87%,148.75,1.07%,DOWN,UP,NO,0.1,2.82%
9/13/2022,8.3,8.1,0.2," 15,926.75 "," 15,597.25 "," 15,532.25 "," 15,123.50 ",-329.50,-2.07%,-394.50,-2.48%,-803.25,-5.04%,DOWN,DOWN,MATCH,0.2,2.07%
8/10/2022,8.5,8.7,-0.2," 16,178.25 "," 16,415.00 "," 16,429.25 "," 16,480.00 ",236.75,1.46%,251.00,1.55%,301.75,1.87%,UP,UP,MATCH,0.2,1.46%
7/13/2022,9.1,8.7,0.4," 15,008.00 "," 14,618.00 "," 14,601.75 "," 14,842.00 ",-390.00,-2.60%,-406.25,-2.71%,-166.00,-1.11%,DOWN,DOWN,MATCH,0.4,2.60%
6/10/2022,8.6,8.3,0.3," 15,419.75 "," 15,181.75 "," 15,218.25 "," 14,954.50 ",-238.00,-1.54%,-201.50,-1.31%,-465.25,-3.02%,DOWN,DOWN,MATCH,0.3,1.54%
5/11/2022,8.3,8.1,0.2," 15,577.50 "," 15,415.25 "," 15,335.25 "," 15,092.25 ",-162.25,-1.04%,-242.25,-1.56%,-485.25,-3.12%,DOWN,DOWN,MATCH,0.2,1.04%
4/12/2022,8.5,8.4,0.1," 17,161.00 "," 17,316.25 "," 17,345.50 "," 17,059.25 ",155.25,0.90%,184.50,1.08%,-101.75,-0.59%,UP,DOWN,NO,0.1,0.90%
3/10/2022,7.9,7.9,0," 16,660.25 "," 16,724.75 "," 16,676.75 "," 16,707.25 ",64.50,0.39%,16.50,0.10%,47.00,0.28%,UP,UP,MATCH,0,0.39%
2/10/2022,7.5,7.2,0.3," 18,144.25 "," 17,960.75 "," 17,959.75 "," 17,819.00 ",-183.50,-1.01%,-184.50,-1.02%,-325.25,-1.79%,DOWN,DOWN,MATCH,0.3,1.01%
1/12/2022,7,7,0," 19,000.00 "," 19,010.25 "," 19,077.00 "," 19,011.25 ",10.25,0.05%,77.00,0.41%,11.25,0.06%,UP,UP,MATCH,0,0.05%
,,,,,,,,,,,,,,,,,,
,,,,,,,,,,,,,,,,,,
,,,,,,,,,,,,,,,,,,
,,,,,,,,,,,,,,,,,,
,,,,,,,,,,,,,,,,,,
,,,,,,,,,,,,,,,,,,
,,,,,,,,,,,,,,,,,,
,,,,,,,,,,,,,,,,,,
,,,,,,,,,,,,,,,,,,
,,,,,,,,,,,,,,,,,,
,,,,,,,,,,,,,,,,,,
,,,,,,,,,,,,,,,,,,
